,subreddit
0,traumatoolbox
1,rapecounseling
2,7CupsofTea
3,addiction
4,ADHD
5,Advice
6,affirmations
7,afterthesilence
8,Agoraphobia
9,alcoholism
10,Anger
11,Antipsychiatry
12,Anxiety
13,AskDocs
14,BipolarReddit
15,BPD
16,BodyAcceptance
17,bulimia
18,CompulsiveSkinPicking
19,dbtselfhelp
20,depression_help
21,disability
22,domesticviolence
23,EatingDisorders
24,EOOD
25,ForeverAlone
26,getting_over_it
27,HealthAnxiety
28,helpmecope
29,mentalhealth
30,mentalillness
31,medical
32,MMFB
33,Needafriend
34,OCD
35,offmychest
36,Psychiatry
37,ptsd
38,reasonstolive
39,rehabtherapy
40,sad
41,secondary_survivors
42,selfharm
43,selfhelp
44,siblingsupport
45,SMARTRecovery
46,socialanxiety
47,socialskills
48,stopsmoking
49,SuicideWatch
50,uniqueminds
51,whatsbotheringyou
52,relationship_advice
53,howtonotgiveafuck
54,selfimprovement
55,personalfinance
56,confidence
57,love
58,lonely
59,GriefSupport
60,LongDistance
61,Divorce
62,AskWomen
63,AskMen
64,nus
65,SGExams
